Hans,Müller
Anna,Schmidt
Klaus,Fischer
Sarah,Weber
Jürgen,Schneider
Sabine,Becker
Andreas,Wagner
Petra,Koch
Markus,Bauer
Monika,Richter
Thomas,Klein
Sandra,Wolf
Michaela,Schulz
Stefan,Hoffmann
Christine,Schäfer
Matthias,Neumann
Julia,Schuster
Christian,Krüger
Jennifer,Seidel
Daniel,Berger
Nicole,Günther
Martin,Lorenz
Sylvia,Voigt
Patrick,Sommer
Susanne,Franke
Frank,Lehmann
Simone,Winter
André,Brandt
Melanie,Haas
Andrea,Schmidt
Tobias,Schreiber
Sabrina,Huber
Alexander,Reuter
Katja,Riedel
Marc,Link
Sven,Krause
Katharina,Baumann
Sebastian,Kühn
Janine,Fuchs
Oliver,Lenz
Nina,Arnold
Ralf,Bayer
Carina,Horn
Dominik,Walter
Marion,Pfeiffer
Erik,Ritter
Anja,Seifert
Rainer,Hermann
Mandy,Kühn
Marcel,Friedrich
Verena,Engel
Jörg,Hahn
Carolin,Barth
René,Schmidt
Miriam,Graf
Philipp,Heinrich
Vanessa,Möller
Robert,Hoffmann
Diana,Schultz
Mario,Friedrich
Silke,König
Tim,Roth
Ines,Leonhardt
Rolf,Beck
Antje,Berger
Roman,Braun
Sandra,Ludwig
Andreas,Friedrich
Maike,Kramer
Holger,Schmitt
Manuela,Vogel
Jan,Kraus
Ingo,Schubert
Kerstin,Röder
Jens,Franz
Doreen,Weiss
Maximilian,Groß
Juliane,Busch
Dieter,Förster
Steffen,Böttcher
Marina,Herrmann
Olaf,Seemann
Elke,Heinze
Volker,Lehmann
Christina,Baum
Sascha,Köhler
Alexandra,Fleischer
Jochen,Hartmann
Christiane,Hofmann
Lars,Werner
Annika,Götz
Robin,Kuhn
Ute,Voigt
Guido,Schütz
Bianca,Stein
Benjamin,Herzog
Rebecca,Meier
Timo,Bachmann
Cornelia,Peters
Kevin,Hein
Carmen,Bergmann
Axel,Richter
Linda,Beyer
Peter,Adam
Inga,Stark
Kevin,Maier
Cathrin,Kunz
Heiko,Rosenberg
Sara,Löffler
Nadine,Sommer
Felix,Wolf
Sandra,Walter
Mathias,Beckmann
Marie,Simon
Ralf,Wenzel
Melanie,Busch
Michael,Schreiber
Sonja,Scholz
Andreas,Martin
Carina,Wenzel
Uwe,Albrecht
Stephanie,Baumgartner
Tobias,Schmitt
Laura,Bock
Bernd,Richter
Petra,Seidel
Klaus,Hofmann
Melanie,Weber
Frank,Bauer
Simone,Hartmann
Jan,Stark
Nina,Kühn
Jens,Möller
Jennifer,Reichert
Andreas,Mayer
Nicole,Busch
Markus,Herrmann
Julia,Lange
Thorsten,Hahn
Marion,Haas
Steffen,Berger
Sandra,Keller
Rolf,Engel
Sabrina,Schmidt
Rainer,Neumann
Katrin,Huber
Alexander,Weiß
Monika,Kraus
René,Krüger
Carolin,Heinrich
Philipp,Klein
Verena,Berger
Ingo,Schulz
Jörg,Wagner
Marcel,Schuster
Holger,Fischer
Antje,Franke
Roman,Weiss
Silke,Graf
Marina,Winter
Mario,Barth
Elke,Braun
Diana,Schreiber
Kerstin,Schwarz
Benjamin,Röder
Lars,Baumann
Christiane,Hoffmann
Axel,Krüger
Jochen,König
Christina,Wolf
Guido,Schuster
Carmen,Voigt
Bianca,Kühn
Alexandra,Schneider
Sascha,Berger
Rebecca,Hoffmann
Peter,Haas
Timo,Becker
Sara,Bachmann
Robin,Schmidt
Heiko,Schmitt
Nadine,Kramer
Felix,Stein
Sandra,Schulz
Mathias,Busch
Sonja,Koch
Michael,Beckmann
Carina,Wolf
Marie,Schreiber
Stephanie,Simon
Tobias,Martin
Bernd,Wenzel
Klaus,Busch
Melanie,Scholz
Frank,Walter
Jan,Albrecht
Simone,Schmitt
Jens,Baumgartner
Jennifer,Hofmann
Andreas,Weber
Nicole,Bauer
Markus,Hartmann
Julia,Stark
Thorsten,Schuster
Marion,Kühn
Steffen,Möller
Sandra,Reichert
Rolf,Mayer
Sabrina,Busch
Rainer,Herrmann
Katrin,Keller
Alexander,Engel
René,Schmidt
Monika,Neumann
Carolin,Huber
Philipp,Weiß
Ingo,Kraus
Jörg,Krüger
Marcel,Heinrich
Holger,Klein
Roman,Berger
Antje,Schulz
Silke,Wagner
Mario,Schuster
Elke,Fischer
Diana,Franke
Kerstin,Weiss
Benjamin,Graf
Lars,Winter
Christiane,Barth
Axel,Hahn
Jochen,Schwarz
Christina,Krüger
Guido,Wolf
Carmen,Schuster
Bianca,Voigt
Alexandra,Kühn
Sascha,Schneider
Rebecca,Berger
Peter,Hoffmann
Timo,Becker
Sara,Bachmann
Robin,Schmidt
Heiko,Schmitt
Nadine,Kramer
Felix,Stein
Sandra,Schulz
Mathias,Busch
Sonja,Koch
Michael,Beckmann
Carina,Wolf
Marie,Schreiber
Stephanie,Simon
Tobias,Martin
Bernd,Wenzel
Klaus,Busch
Melanie,Scholz
Frank,Walter
Jan,Albrecht
Simone,Schmitt
Jens,Baumgartner
Jennifer,Hofmann
Andreas,Weber
Nicole,Bauer
Markus,Hartmann
Julia,Stark
Thorsten,Schuster
Marion,Kühn
Steffen,Möller
Sandra,Reichert
Rolf,Mayer
Sabrina,Busch
Rainer,Herrmann
Katrin,Keller
Alexander,Engel
René,Schmidt
Monika,Neumann
Carolin,Huber
Philipp,Weiß
Ingo,Kraus
Jörg,Krüger
Marcel,Heinrich
Holger,Klein
Roman,Berger
Antje,Schulz
Silke,Wagner
Mario,Schuster
Elke,Fischer
Diana,Franke
Kerstin,Weiss
Benjamin,Graf
Lars,Winter
Christiane,Barth
Axel,Hahn
Jochen,Schwarz
Christina,Krüger
Guido,Wolf
Carmen,Schuster
Bianca,Voigt
Alexandra,Kühn
Sascha,Schneider
Rebecca,Berger
Peter,Hoffmann
Timo,Becker
Sara,Bachmann
Robin,Schmidt
Heiko,Schmitt
Nadine,Kramer
Felix,Stein
Sandra,Schulz
Mathias,Busch
Sonja,Koch
Michael,Beckmann
Carina,Wolf
Marie,Schreiber
Stephanie,Simon
Tobias,Martin
Bernd,Wenzel
Klaus,Busch
Melanie,Scholz
Frank,Walter
Jan,Albrecht
Simone,Schmitt
Jens,Baumgartner
Jennifer,Hofmann
Andreas,Weber
Nicole,Bauer
Markus,Hartmann
Julia,Stark
Thorsten,Schuster
Marion,Kühn
Steffen,Möller
Sandra,Reichert
Rolf,Mayer
Sabrina,Busch
Rainer,Herrmann
Katrin,Keller
Alexander,Engel
René,Schmidt
Monika,Neumann
Carolin,Huber
Philipp,Weiß
Ingo,Kraus
Jörg,Krüger
Marcel,Heinrich
Holger,Klein
Roman,Berger
Antje,Schulz
Silke,Wagner
Mario,Schuster
Elke,Fischer
Diana,Franke
Kerstin,Weiss
Benjamin,Graf
Lars,Winter
Christiane,Barth
Axel,Hahn
Jochen,Schwarz
Christina,Krüger
Guido,Wolf
Carmen,Schuster
Bianca,Voigt
Alexandra,Kühn
Sascha,Schneider
Rebecca,Berger
Peter,Hoffmann
Timo,Becker
Sara,Bachmann
Robin,Schmidt
Heiko,Schmitt
Nadine,Kramer
Felix,Stein
Sandra,Schulz
Mathias,Busch
Sonja,Koch
Michael,Beckmann
Carina,Wolf
Marie,Schreiber
Stephanie,Simon
Tobias,Martin
Bernd,Wenzel
Klaus,Busch
Melanie,Scholz
Frank,Walter
Jan,Albrecht
Simone,Schmitt
Jens,Baumgartner
Jennifer,Hofmann
Andreas,Weber
Nicole,Bauer
Markus,Hartmann
Julia,Stark
Thorsten,Schuster
Marion,Kühn
Steffen,Möller
Sandra,Reichert
Rolf,Mayer
Sabrina,Busch
Rainer,Herrmann
Katrin,Keller
Alexander,Engel
René,Schmidt
Monika,Neumann
Carolin,Huber
Philipp,Weiß
Ingo,Kraus
Jörg,Krüger
Marcel,Heinrich
Holger,Klein
Roman,Berger
Antje,Schulz
Silke,Wagner
Mario,Schuster
Elke,Fischer
Diana,Franke
Kerstin,Weiss
Benjamin,Graf
Lars,Winter
Christiane,Barth
Axel,Hahn
Jochen,Schwarz
Christina,Krüger
Guido,Wolf
Carmen,Schuster
Bianca,Voigt
Alexandra,Kühn
Sascha,Schneider
Rebecca,Berger
Peter,Hoffmann
Timo,Becker
Sara,Bachmann
Robin,Schmidt
Heiko,Schmitt
Nadine,Kramer
Felix,Stein
Sandra,Schulz
Mathias,Busch
Sonja,Koch
Michael,Beckmann
Carina,Wolf
Marie,Schreiber
Stephanie,Simon
Tobias,Martin
Bernd,Wenzel
Klaus,Busch
Melanie,Scholz
Frank,Walter
Jan,Albrecht
Simone,Schmitt
Jens,Baumgartner
Jennifer,Hofmann
Andreas,Weber
Nicole,Bauer
Markus,Hartmann
Julia,Stark
Thorsten,Schuster
Marion,Kühn
Steffen,Möller
Sandra,Reichert
Rolf,Mayer
Sabrina,Busch
Rainer,Herrmann
Katrin,Keller
Alexander,Engel
René,Schmidt
Monika,Neumann
Carolin,Huber
Philipp,Weiß
Ingo,Kraus
Jörg,Krüger
Marcel,Heinrich
Holger,Klein
Roman,Berger
Antje,Schulz
Silke,Wagner
Mario,Schuster
Elke,Fischer
Diana,Franke
Kerstin,Weiss
Benjamin,Graf
Lars,Winter
Christiane,Barth
Axel,Hahn
Jochen,Schwarz
Christina,Krüger
Guido,Wolf
Carmen,Schuster
Bianca,Voigt
Alexandra,Kühn
Sascha,Schneider
Rebecca,Berger
Peter,Hoffmann
Timo,Becker
Sara,Bachmann
Robin,Schmidt
Heiko,Schmitt
Nadine,Kramer
Felix,Stein
Sandra,Schulz
Mathias,Busch
Sonja,Koch
Michael,Beckmann
Carina,Wolf
Marie,Schreiber
Stephanie,Simon
Tobias,Martin
Bernd,Wenzel
Klaus,Busch
Melanie,Scholz
Frank,Walter
Jan,Albrecht
Simone,Schmitt
Jens,Baumgartner
Jennifer,Hofmann
Andreas,Weber
Nicole,Bauer
Markus,Hartmann
Hans,Müller
Anna,Schmidt
Klaus,Fischer
Sarah,Weber
Jürgen,Schneider
Sabine,Wagner
Andreas,Becker
Monika,Hoffmann
Thomas,Schulz
Katrin,Koch
Stefan,Richter
Petra,Bauer
Markus,Klein
Simone,Schwarz
Christian,Neumann
Julia,Lang
Michaela,Schmitt
Dirk,Zimmermann
Melanie,Braun
Sebastian,Hofmann
Daniela,Hartmann
Patrick,Krause
Nicole,Fuchs
Frank,Wolf
Karin,Berger
André,Roth
Silke,Voigt
Matthias,Böhm
Tanja,Kramer
Steffen,Jung
Martina,Keller
Alexander,König
Barbara,Günther
Jens,Vogel
Sandra,Pohl
Tobias,Horn
Melanie,Schubert
Oliver,Friedrich
Angela,Schuster
Jan,Pfeiffer
Yvonne,Schröder
Dominik,Werner
Claudia,Otto
Holger,Bergmann
Jennifer,Sommer
Wolfgang,Winter
Nadine,Adler
Marco,Marx
Katharina,Lorenz
Ralf,Vetter
Sabrina,Götz
Marc,Mayer
Ramona,Huber
Christoph,Riedel
Heike,Winkler
Marcel,Gross
Christiane,Busch
Andreas,Kraus
Nina,Walter
Björn,Schreiber
Anja,Stein
Erik,Gärtner
Caroline,Paul
Florian,Arnold
Isabell,Schwarz
Sven,Hubert
Mandy,Köhler
Steffanie,Hess
Henrik,Herzog
Melissa,Schilling
Philipp,Bachmann
Katja,Kunz
Christina,Franke
Fabian,Bayer
Maria,Rieger
David,Graf
Ines,Friedl
Martin,Wenzel
Christin,Voß
Matthias,Schreiner
Juliane,Meier
Ronny,Schwarz
Miriam,Brandt
Jonas,Lehmann
Laura,Kunze
Kai,Schreiber
Jessica,Born
Rene,Großmann
Eva,Lindner
Mario,Wittmann
Tina,Köhler
Dominique,Rupp
Lars,Schwarz
Sophie,Fleischer
Oliver,Hennemann
Elisabeth,Köster
Rene,Stark
Leonie,Busch
Benjamin,Kraus
Laura,Mohr
Marc-Oliver,Seidel
Inga,Röder
Thomas,Reich
Evelyn,Henke
